{
  "project_info": {
    "project_number": "774524977105",
    "firebase_url": "https://ecommerce-a2502.firebaseio.com",
    "project_id": "ecommerce-a2502",
    "storage_bucket": "ecommerce-a2502.appspot.com"
  },
  "client": [
    {
      "client_info": {
        "mobilesdk_app_id": "1:774524977105:android:20c4c2160ed482b01a6af0",
        "android_client_info": {
          "package_name": "com.example.ecommerce"
        }
      },
      "oauth_client": [
        {
          "client_id": "774524977105-ld1cbr3ucmbjt9fvfuphdd1at286dv22.apps.googleusercontent.com",
          "client_type": 1,
          "android_info": {
            "package_name": "com.example.ecommerce",
            "certificate_hash": "1b605128c8bd2868730b844db7fb3a47b12ec8e8"
          }
        },
        {
          "client_id": "774524977105-l0347h2dv8m3dufbq4pojk7q8p810pg4.apps.googleusercontent.com",
          "client_type": 3
        }
      ],
      "api_key": [
        {
          "current_key": "AIzaSyApoZW-WmgpNEVYnl3gPkUr9am6zesKlJk"
        }
      ],
      "services": {
        "appinvite_service": {
          "other_platform_oauth_client": [
            {
              "client_id": "774524977105-l0347h2dv8m3dufbq4pojk7q8p810pg4.apps.googleusercontent.com",
              "client_type": 3
            }
          ]
        }
      }
    }
  ],
  "configuration_version": "1"
}